Name,FIDE ID,Title,Rating (Standard),Rating (Rapid),Rating (Blitz),Federation,Birth Year,Age,Last Rated Game,Games (12mo),Games (24mo),Years Since Last Game,Status,Plays Opens,Travel Range,Americas Experience,Chess960,Chess960 Notes,Crypto Connection,Crypto Notes,Content Creator,Social Handles,Schedule Conflicts,AI Summary,My Odds,My Notes
"Carlsen, Magnus",1503014,GM,2840,,,NOR,1990,36,,,,,active,regularly,global,yes,yes,Fischer Random match against Hikaru Nakamura; Chess960 tournaments; 2025 Freestyle Chess Grand Slam Tour,yes,"Won world's first bitcoin chess tournament - FTX Crypto Cup 2021, defeated Wesley So in finals, prize fund was $210,000 plus additional $100,000 tied to Bitcoin price, took home 0.6 Bitcoin and $60,000 first prize",yes,Twitch: unknown; YouTube: unknown; Twitter: unknown,unknown,"Based on the search results, Magnus Carlsen remains active in competitive chess as of 2026 and has a global travel pattern, but primarily participates in high-profile invitational events like World Championships, Freestyle Chess tournaments, and specialty events rather than open tournaments. While he has demonstrated willingness to travel internationally (including to locations like Qatar), there is no evidence in the search results of him regularly participating in open tournaments, particularly smaller regional events. Given his focus on elite-level competitions and his status as a top-rated player (2840), attendance at an open tournament in Honduras would be highly unlikely unless it offered significant prize money or had special circumstances not typical of standard open events.",,
"Nakamura, Hikaru",2016192,GM,2810,,,USA,1987,39,,,,,active,regularly,global,yes,yes,2022 Fischer Random World Chess Championship; Fischer Random Rapid game against Magnus Carlsen in 2018,yes,Won 1 BTC in a chess tournament and has discussed Bitcoin and stocks publicly,yes,Twitch: unknown; YouTube: unknown; Twitter: unknown,unknown,"Based on the research, Hikaru Nakamura actively participates in open tournaments, having won multiple opens in 2025 including the Comet Open ($45,000 prize) and Maritime Open, demonstrating he regularly competes in such events despite his elite status. He travels globally for competitions and remains highly active as of 2026, suggesting he would be willing to consider international open tournaments. However, no specific information was found about his 2026 schedule or any previous activity in Central America, making it impossible to assess the likelihood of him specifically attending a tournament in Honduras during February/March 2026.",,
"Caruana, Fabiano",2020009,GM,2795,,,USA,1992,34,,,,,active,regularly,global,yes,yes,2022 Chess 9LX (Fischer Random) championship; Freestyle Chess vs Gukesh D,yes,Participated in FTX Crypto Cup chess tournament with cryptocurrency prizes and involved with Coinbase promotional activities,yes,Twitch: unknown; YouTube: unknown; Twitter: unknown,,"Based on the research, Fabiano Caruana is an active elite grandmaster (world No. 3) who regularly competes in high-profile tournaments like the Grand Chess Tour and World Championships, with recent activity including wins in 2025 and global travel to locations like Qatar. However, as a top-tier player who typically participates in prestigious invitation-only events rather than open tournaments, and with no specific 2026 schedule information available, his attendance at an open tournament in Honduras would be unlikely unless it offered significant prize money or had special circumstances. Elite grandmasters of his caliber generally focus on major international championships and tour events rather than regional open tournaments.",,
"Keymer, Vincent",12940690,GM,2776,,,GER,2004,22,,,,,active,unknown,global,unknown,yes,Weissenhaus Freestyle Chess Grand Slam 2025,no,He has no publicly known involvement with Bitcoin or cryptocurrency. His main achievements are in chess tournaments.,yes,Twitch: unknown; YouTube: unknown; Twitter: unknown,,"Based on the search results, Vincent Keymer is an active top-level grandmaster (rated 2776) who primarily competes in elite invitational events like Grand Masters tournaments rather than open tournaments. While he has demonstrated global travel patterns (recently playing in Chennai, India and Weissenhaus), his focus appears to be on high-profile invitational events, making attendance at an open tournament in Honduras unlikely unless it offered significant prize money or rating opportunities.",,
Erigaisi Arjun,35009192,GM,2775,,,IND,2003,23,,,,,active,regularly,global,unknown,yes,Chess960 match against Magnus Carlsen,yes,Has used cryptocurrency for donations in his chess streams,yes,Twitch: unknown; YouTube: unknown; Twitter: unknown,,"Based on the research, Erigaisi Arjun is an active grandmaster (rated 2775) who regularly participates in international tournaments, having won the 2024 WR Chess Masters Cup in London and medaled at the 2025 World Blitz Championships, indicating he travels globally for chess events. However, the available information suggests he primarily competes in high-level FIDE championships and elite tournaments rather than open tournaments, and there is no specific information about his 2026 schedule or previous participation in Central American events. While his active tournament schedule and international travel pattern suggest he could potentially attend, his apparent focus on elite-level events makes attendance at an open tournament in Honduras less likely without additional incentives or circumstances.",,
"Giri, Anish",24116068,GM,2760,,,NED,1994,32,,,,,active,regularly,global,unknown,yes,2018 Champions Showdown; matches against Vidit Gujrathi,yes,"Participated in FTX Crypto Cup and finished second, discussed Bitcoin as prize money in sports",yes,Twitch: unknown; YouTube: unknown; Twitter: unknown,,"Based on the research, Anish Giri is an active top-level grandmaster (rated 2760, ranked 12th globally) who regularly competes in major international tournaments, including recent wins at the 2025 Sharjah Masters and FIDE Grand Swiss. However, his tournament pattern appears focused on elite invitation-only events rather than open tournaments, and there's no evidence of him participating in open competitions or traveling to Central America. Given his high rating and typical participation in prestigious closed tournaments, attendance at an open tournament in Honduras would be highly unlikely unless there were exceptional circumstances or significant appearance fees involved.",,
"Firouzja, Alireza",12573981,GM,2759,,,FRA,2003,23,,,,,active,regularly,global,yes,yes,2024 Freestyle Chess event,yes,"Participated in the FTX Crypto Cup competing against Magnus Carlsen, became an ambassador for NFTs in 2022, event offered $100,000 Bitcoin bonus",yes,Twitch: unknown; YouTube: unknown; Twitter: unknown,,"Based on the research, Firouzja is highly active in international chess tournaments, regularly competing in major events across different continents including the Americas (Saint Louis events), and maintains a busy schedule with recent victories in 2024-2025. However, his tournament pattern appears focused on elite invitational events like the Grand Chess Tour, Sinquefield Cup, and major rapid/blitz championships rather than open tournaments. While no specific 2026 schedule conflicts were found, his typical participation in high-level invitational events makes attendance at an open tournament in Honduras unlikely, despite his demonstrated willingness to travel globally for chess competitions.",,
Praggnanandhaa R,25059530,GM,2758,,,IND,2005,21,,,,,active,regularly,global,unknown,unknown,,yes,Defeated world champion Magnus Carlsen in the FTX Crypto Cup,yes,Twitch: unknown; YouTube: unknown; Twitter: unknown,FIDE Candidates 2026,"Based on the research, Praggnanandhaa R is an active grandmaster who regularly participates in major international tournaments and has qualified for the FIDE Candidates 2026, which typically occurs around March-April. Given his focus on high-level events like Tata Steel and SuperBet Classic rather than open tournaments, and the likely scheduling conflict with Candidates preparation or the event itself, his attendance at an open tournament in Honduras during Feb/March 2026 would be highly unlikely. His tournament pattern suggests he prioritizes elite invitational events over open competitions.",,
Gukesh D,46616543,GM,2754,,,IND,2006,20,,,,,active,unknown,unknown,unknown,yes,Weissenhaus Freestyle GOAT Challenge with Magnus Carlsen,yes,"Known for his interest in cryptocurrency, particularly Bitcoin, and is a notable figure in both chess and crypto circles",yes,Twitch: unknown; YouTube: unknown; Twitter: unknown,,"Based on the research, Gukesh D remains active in competitive chess as of January 2026, but his future tournament schedule is uncertain following challenges in 2025 and his coach's plans for career revival. The search results do not provide information about whether he regularly participates in open tournaments or his typical travel patterns to determine his likelihood of attending regional events. Given his status as the youngest world champion and high FIDE rating (2754), attendance at a Honduras open tournament would be unusual without additional context about appearance fees or special circumstances.",,
"Wei, Yi",8603405,GM,2754,,,CHN,1999,27,,,,,unknown,regularly,global,unknown,yes,FIDE World Cup; Fischer Random World Championship,no,Bitcoin and cryptocurrency are not directly related to Wei Yi,yes,Twitch: unknown; YouTube: unknown; Twitter: unknown,,"Based on the research, Wei Yi is an active top-level grandmaster (rated 2754, ranked 8th globally) who regularly competes in prestigious invitational tournaments like Tata Steel Masters and Norway Chess, rather than open tournaments. While he travels internationally for high-profile events, there is no indication he participates in open tournaments, and his status as an elite player suggests he would likely only attend invite-only events rather than an open tournament in Honduras.",,
"So, Wesley",5202213,GM,2753,,,USA,1993,33,,,,,active,regularly,global,yes,yes,World Fischer Random Chess Championship 2019; FTX Crypto Cup,yes,"Participated in the FTX Crypto Cup, a bitcoin chess tournament, where he finished 5th. Has been involved in other crypto-related chess events",yes,Twitch: unknown; YouTube: unknown; Twitter: unknown,,"Based on the research, Wesley So is an active top-level professional player (rated 2753) who regularly competes in major international tournaments, including recent participation in the 2025 Sinquefield Cup and Chess Bundesliga 2024-25. However, his tournament activity appears focused on elite invitational events and major championships rather than open tournaments, and there is no evidence of him participating in smaller open events or traveling to Central America for competitions. Given his status as a world-class player who typically competes in high-profile tournaments, attendance at an open tournament in Honduras would be highly unlikely unless there were exceptional circumstances or significant appearance fees involved.",,
"Abdusattorov, Nodirbek",14204118,GM,2751,,,UZB,2004,22,,,,,active,regularly,global,yes,yes,2022 FIDE World Fischer Random Chess Championship; FIDE Freestyle Chess World Championship,yes,associated with cryptocurrency donations on his YouTube channel,yes,Twitch: unknown; YouTube: unknown; Twitter: unknown,Tata Steel 2026,"Based on the research, Nodirbek Abdusattorov is highly active in international chess competitions and travels globally for tournaments, having recently competed in New York, London, and Prague. However, he appears to focus primarily on elite invitational events like Masters tournaments and World Championships rather than open tournaments. Additionally, he has a confirmed commitment at Tata Steel 2026, which typically occurs in January-February, potentially creating a scheduling conflict with a February/March tournament in Honduras.",,
"Anand, Viswanathan",5000017,GM,2743,,,IND,1969,57,,,,,retired,occasionally,global,yes,yes,12-game Chess960 match against Garry Kasparov in 2025 at St. Louis Chess Club,yes,"Known for supporting Bitcoin and discussing cryptocurrency investments, with financial strategies considered influential as of 2026",yes,Twitch: unknown; YouTube: unknown; Twitter: unknown,Tata Steel India Blitz and Rapid in early 2026 [CONFLICT],"Based on the search results, Viswanathan Anand is unlikely to attend an open chess tournament in Honduras in Feb/March 2026. He retired from competitive play in 2025 and typically participates in high-level invitational events like Grand Tour tournaments and Masters events rather than open tournaments. Additionally, he already has a scheduling conflict with the Tata Steel India Blitz and Rapid tournament in early 2026.",,
"Rapport, Richard",738590,GM,2738,,,HUN,1996,30,,,,,active,regularly,global,yes,unknown,,yes,"Has competed in chess tournaments where Bitcoin prizes were awarded, though achievements in chess are not directly linked to cryptocurrency",yes,Twitch: unknown handle but confirmed presence; YouTube: unknown handle but confirmed presence,,"Based on the search results, Richard Rapport is currently an active grandmaster ranked fifth globally who regularly participates in major open tournaments including the 2024 U.S. National Championships and 2025 Aeroflot Open, demonstrating a pattern of international travel for chess events. However, his recent tournament activity focuses on high-level events like Grand Chess Tour tournaments and serving as a second in World Championship matches, suggesting he may prioritize elite-level competitions. While no 2026 schedule conflicts were found in the research, his typical tournament pattern appears to favor major international events rather than smaller regional opens.",,
"Dominguez Perez, Leinier",3503240,GM,2738,,,USA,1983,43,,,,,active,regularly,global,yes,yes,2021 Champions Showdown Chess 9LX; Fischer Random World Chess Championship Qualifiers,no,No cryptocurrency or bitcoin connection found in the provided information,yes,Twitch: unknown; YouTube: unknown; Twitter: unknown,,"Based on the research, Leinier Dominguez Perez is an active top-level grandmaster (rated 2738) who regularly participates in major international tournaments including recent events in 2024-2025 such as the Chess Olympiad in Budapest and Grand Chess Tour events. However, his tournament pattern appears focused on elite invitational events rather than open tournaments, and there is no evidence in the search results of him playing in open format competitions or having any connection to Central American chess events. Given his high rating and status as a former World Blitz Champion, his participation in an open tournament in Honduras would be unlikely unless there were significant appearance fees or special circumstances not evident in the available information.",,
"Vachier-Lagrave, Maxime",623539,GM,2734,,,FRA,1990,36,,,,,active,regularly,global,yes,yes,2018 Chess.com Chess960 Championship; Fischer Random Chess event hosted by Chessgames.com,yes,Has partnered with Immortal Game and endorsed cryptocurrency projects. Involved with FTX Crypto Cup. Views on Bitcoin have been mixed,yes,Twitch: unknown; YouTube: unknown; Twitter: unknown,,"Based on the research, Maxime Vachier-Lagrave is an active French grandmaster (rated 2734) who regularly participates in international tournaments and has demonstrated global travel patterns, including recent participation in U.S. tournaments. However, as a top-tier elite player who ""consistently ranks among the world's elite,"" he typically competes in high-level international events, team leagues, and championship tournaments rather than open tournaments. While no specific 2026 conflicts were found, an open tournament in Honduras would be unusual for a player of his caliber, making attendance unlikely unless it offers significant prize money or special circumstances.",,
"Duda, Jan-Krzysztof",1170546,GM,2731,,,POL,1998,28,,,,,unknown,regularly,global,yes,yes,2019 FIDE World Fischer Random Chess Championship,yes,"participated in FTX Crypto Cup in 2022, tournament included cryptocurrency rewards including Bitcoin bonuses",yes,Twitch: unknown; YouTube: unknown; Twitter: unknown,,"Based on the search results, Jan-Krzysztof Duda is currently an active grandmaster (rated 2731) who regularly participates in major international tournaments and has demonstrated willingness to travel globally, including to the Americas for events like the 2024 U.S. National Championships. However, the research indicates he has faced personal challenges in 2026 including thoughts of quitting chess, which could significantly impact his tournament participation. While he has the profile of a player who might consider international open tournaments, the mentioned personal struggles in 2026 create uncertainty about his actual attendance at any tournament during that period.",,
"Le, Quang Liem",12401137,GM,2731,,,VIE,1991,35,,,,,active,regularly,global,unknown,yes,Fischer Random Chess Championship knockout qualifier,yes,"Competed against Magnus Carlsen in the FTX Crypto Cup, a chess event with cryptocurrency prizes",yes,Twitch: unknown; YouTube: unknown; Twitter: unknown,,"Based on the research, Le Quang Liem is an active grandmaster (rated 2731) who regularly competes in international tournaments, including recent victories at the 2025 León Masters and upcoming participation in the 2025 FIDE World Cup and Prague International Chess Festival. While the search results show he travels globally for high-level tournaments and Masters events, there is no specific information about his participation in open tournaments or any scheduling conflicts for February/March 2026. His active international competition schedule suggests he could potentially attend such an event, though his typical participation appears to focus on invitation-based Masters tournaments rather than open events.",,
"Mamedyarov, Shakhriyar",13401319,GM,2730,,,AZE,1985,41,,,,,active,regularly,global,yes,yes,Champions Showdown 9LX in 2021; Saint Louis 9LX Chess,yes,competed in cryptocurrency-related events like the FTX Crypto Cup,yes,Twitch: unknown; YouTube: unknown; Twitter: unknown,German Bundesliga 2025/26,"Based on the research, Shakhriyar Mamedyarov is an active top-10 grandmaster who regularly participates in international tournaments and has demonstrated global travel patterns, including events in the Americas. However, as an elite player currently ranked 8th in the world, he typically competes in high-level FIDE events, Grand Prix tournaments, and invitation-only competitions rather than open tournaments. While he has commitments to the German Bundesliga 2025/26, his specific availability for February/March 2026 is unknown, making his attendance at an open tournament in Honduras unlikely given his typical tournament profile.",,
"Aronian, Levon",13300474,GM,2729,,,USA,1982,44,,,,,active,regularly,global,yes,yes,Chess960 World Championship; Freestyle Chess Grand Slam,yes,Participated in tournaments sponsored by cryptocurrency exchange FTX,yes,Twitch: unknown; YouTube: unknown; Twitter: unknown,,"Based on the search results, Levon Aronian is an active grandmaster who regularly participates in tournaments and has demonstrated global travel patterns, competing in events across the United States, South Africa, and Las Vegas in 2025. However, his recent tournament activity appears focused on high-profile rapid/blitz events and Freestyle Chess Grand Slam tournaments rather than traditional open tournaments. Given his current tournament preferences for premium events and lack of any indication he typically plays in smaller open tournaments, his attendance at an open tournament in Honduras would be unlikely unless there were significant appearance fees or special circumstances involved.",,
"Sindarov, Javokhir",14205483,GM,2726,,,UZB,2005,21,,,,,active,occasionally,global,unknown,yes,Freestyle Grand Slam Weissenhaus 2025; Fischer Random tournaments,yes,Associated with cryptocurrency markets on Polymarket,yes,Twitch: unknown; YouTube: unknown; Twitter: unknown,2026 Candidates Tournament; Tata Steel Chess Tournament 2026,"Based on the research, Sindarov is unlikely to attend an open tournament in Honduras in Feb/March 2026. He is committed to major elite events including the 2026 Candidates Tournament and Tata Steel Chess Tournament 2026, and his recent activity shows a preference for high-level competitions rather than open tournaments, having played only five tournaments in 2025 with a deliberately light schedule. As a top-rated player (2726) who recently won the 2025 World Cup, he appears focused on elite-level events rather than regional open tournaments.",,
"Niemann, Hans Moke",2093596,GM,2725,,,USA,2003,23,,,,,active,regularly,global,yes,yes,ChessKid Games 2019,yes,Competed against Magnus Carlsen in the 2022 FTX Crypto Chess Cup,yes,Twitch: unknown; YouTube: unknown; Twitter: unknown,,"Based on the research, Hans Moke Niemann regularly participates in open tournaments, having won the GRENKE Open and Las Vegas Super Swiss in 2024, and continues active tournament play as of 2026. He demonstrates global travel patterns for chess competitions and maintains a high activity level in international events. However, no specific commitments or travel plans for February/March 2026 were found in the search results, making it impossible to definitively assess his likelihood of attending a tournament in Honduras during that timeframe.",,
"Nepomniachtchi, Ian",4168119,GM,2723,,,RUS,1990,36,,,,,active,regularly,global,unknown,yes,2019 FIDE World Fischer Random Chess Championship; 2022 semi-finals against Magnus Carlsen,yes,"Participated in FTX Crypto Cup, won third place earning $25,000 plus 0.25 Bitcoin. Tournament offered $100,000 Bitcoin prize.",yes,Twitch: unknown handle but has channel; YouTube: unknown handle but streams,currently competing in 2026,"Based on the research, Ian Nepomniachtchi is an active top-level grandmaster (World #4) who primarily competes in elite invitational events like the Candidates Tournament and World Championships rather than open tournaments. While he travels globally for competitions and is scheduled to remain active through 2026, his tournament pattern focuses on high-level closed events, making attendance at an open tournament in Honduras unlikely unless it offered significant prize money or had special significance. His status as a two-time World Championship finalist suggests he would typically prioritize more prestigious invitational events over open competitions.",,
"Yu, Yangyi",8603820,GM,2717,,,CHN,1994,32,,,,,active,regularly,global,yes,yes,ACCENTUS Chess960 tournament,no,No known connection to Bitcoin or cryptocurrency,yes,Twitch: unknown; YouTube: unknown; Twitter: unknown,unknown,"Based on the research, Yu Yangyi is an active grandmaster (rated 2717) who regularly participates in high-profile open tournaments globally, including recent events like the FIDE Grand Swiss and upcoming tournaments in the Americas such as the American Cup. Given his consistent tournament activity, willingness to travel internationally (including to locations like Sharjah and various American events), and pattern of competing in open tournaments, he would be a plausible candidate to attend an open tournament in Honduras in Feb/March 2026. However, no specific 2026 commitments were found that would definitively confirm or conflict with such participation.",,
Nihal Sarin,25092340,GM,2716,,,IND,2004,22,,,,,active,regularly,global,unknown,yes,Reykjavik Open Fischer Random Chess,no,No known connection between Nihal Sarin and Bitcoin or cryptocurrency,yes,Twitch: unknown; YouTube: unknown; Twitter: unknown,Tata Steel Chess India Rapid section winner in 2026,"Based on the search results, Nihal Sarin is highly active in international open tournaments, having won the President Cup in Tashkent and placed first at the Tashkent Open in 2025, demonstrating a pattern of competing in open events globally including in less common locations like Uzbekistan and Iceland. However, the search results indicate he won the Tata Steel Chess India Rapid section in 2026, which could potentially create scheduling conflicts with a February/March 2026 tournament in Honduras, though the exact dates of his commitments are not specified. His established pattern of international travel and regular participation in open tournaments suggests he would be a plausible participant if his schedule permits.",,
"Liang, Awonder",2056437,GM,2713,,,USA,2003,23,,,,,unknown,regularly,global,yes,unknown,,yes,Liang uses PayPal and crypto for donations,yes,Twitch: unknown; YouTube: unknown; Twitter: unknown,,"Based on the search results, Awonder Liang appears to be an active tournament player who regularly competes in various events including the U.S. Chess Championship and international tournaments like the Chennai Grand Masters 2025, demonstrating a willingness to travel globally for chess competitions. However, his tournament participation seems to focus primarily on higher-level events such as national championships and grand masters tournaments rather than typical open tournaments. Without specific information about his 2026 schedule or previous participation in Central American events, it's difficult to assess the likelihood of his attendance at an open tournament in Honduras, though his active status and international travel history suggest it's not impossible if the event offers appropriate conditions or incentives.",,
"Andreikin, Dmitry",4158814,GM,2710,,,FID,1990,36,,,,,retired,unknown,unknown,unknown,yes,,yes,participated in Bitcoin-related online chess qualifiers,yes,Twitch: inactive channel mentioned; YouTube: has YouTube videos with matches and highlights,most recent notable game was against Magnus Carlsen in 2026,"Based on the search results, Dmitry Andreikin's likelihood of attending an open tournament in Honduras in Feb/March 2026 appears very low. The information indicates he retired from competitive play in 2020, though there are conflicting reports of scheduled activity in 2025 and a notable game against Magnus Carlsen in 2026. No information was found about his history of playing open tournaments or traveling to Central America, and his current activity level remains unclear given the contradictory retirement status and recent tournament mentions.",,
"Maghsoodloo, Parham",12539929,GM,2708,,,IRI,2000,26,,,,,active,regularly,global,unknown,yes,FIDE World Fischer Random Chess Championship,yes,Has connections to cryptocurrency through sponsorships,yes,Twitch: unknown; YouTube: unknown; Twitter: unknown,,"Based on the research, Parham Maghsoodloo appears to be an active player who regularly participates in international open tournaments, having recently won the 2025 Reykjavik Open and competed in other global events. His travel patterns show willingness to compete internationally in diverse locations including Iceland and Tunisia, suggesting he has a global tournament range. However, there is no specific information about his 2026 schedule or any previous activity in Central America, making it difficult to assess the likelihood of attendance at a Honduras tournament without additional factors such as prize fund, field strength, or scheduling conflicts.",,
"Vidit, Santosh Gujrathi",5029465,GM,2708,,,IND,1994,32,,,,,active,regularly,global,unknown,yes,World Fischer Random Chess Championship; Chess960 tournaments,yes,Participated in 2021 FTX Crypto Cup and known for involvement in cryptocurrency markets,yes,Twitch: unknown; YouTube: unknown; Twitter: unknown,,"Based on the research, Vidit Gujrathi is an active grandmaster who regularly participates in major international tournaments, including recent victories at the Paris Freestyle (March 2025) and FIDE Grand Swiss (2025), demonstrating consistent global tournament activity. However, his typical tournament pattern appears focused on high-level events like the Candidates Tournament and prestigious opens rather than smaller regional tournaments. While he travels internationally for chess and remains active as of 2026, there are no specific scheduling conflicts identified, though an open tournament in Honduras would likely be outside his usual competitive tier.",,
"Fedoseev, Vladimir",24130737,GM,2705,,,SLO,1995,31,,,,,retired,regularly,global,yes,yes,2022 Fischer Random World Championship qualifier; European Fischer Random Championship 2024,no,He has no known association with Bitcoin or cryptocurrency. His main focus has been on competitive chess.,yes,Twitch: unknown; YouTube: unknown; Twitter: unknown,tactical game against Vincent Keymer at Tata Steel 2026,"Based on the search results, Vladimir Fedoseev is reportedly retired as of 2026, which would make his attendance at any tournament highly unlikely. While he previously competed at a high international level including events in the Americas (winning the 2024 U.S. National Championships), his typical tournament pattern focused on elite invitation-only events like the Grand Chess Tour rather than open tournaments. Given his retired status and historical preference for top-tier closed tournaments, participation in an open tournament in Honduras would be extremely improbable.",,
"Van Foreest, Jorden",1039784,GM,2703,,,NED,1999,27,,,,,active,regularly,continental,unknown,yes,Dutch Chess Championship 2016,no,There is no known connection between van Foreest and Bitcoin or cryptocurrency,yes,Twitch: unknown; YouTube: unknown; Twitter: unknown,,"Based on the research, Jorden van Foreest is an active grandmaster (rated 2703) who regularly participates in major tournaments, but the search results show he typically competes in elite invitational events like the Tata Steel Masters and Grand Chess Tour rather than open tournaments. His documented travel appears to be within Europe (Oslo, London), and there is no indication in the search results of him playing in Central America or attending open format tournaments. Given his high ranking as the No. 2 Dutch player and focus on prestigious invitational events, attendance at an open tournament in Honduras would be unlikely based on his established tournament patterns.",,
"Aravindh, Chithambaram VR.",5072786,GM,2700,,,IND,1999,27,,,,,active,regularly,global,unknown,yes,Biel Chess Festival Chess960 events,no,No known connection to Bitcoin or cryptocurrency exists,yes,,,"Based on the search results, Aravindh Chithambaram VR is an active grandmaster (rated 2700, ranked #32 globally) who regularly competes in international open tournaments and has demonstrated a willingness to travel globally, with recent victories in Chennai, Prague, and participation in events like the Biel Chess Festival. However, there is no information about his 2026 schedule or any previous tournament activity in Central America or similar regions. While his active status and international tournament participation suggest he could potentially attend such an event, there are no specific indicators pointing toward likelihood of participation in Honduras specifically.",,
"Tabatabaei, M. Amin",12521213,GM,2700,,,IRI,2001,25,,,,,unknown,regularly,global,unknown,yes,Chess 960 (Fischer Random) tournaments; Freestyle Grandslam Chess 960 Germany 2025,no,No crypto or bitcoin connection found in the provided information,yes,Twitch: unknown; YouTube: unknown; Twitter: unknown,,"Based on the research, M. Amin Tabatabaei is an active Iranian grandmaster (rated 2700) who regularly participates in open tournaments including the 2025 FIDE Grand Swiss and won the 2019 Biel Master Open, indicating he does play open events. He has a global travel pattern through multiple Chess Olympiad representations and international tournament participation, suggesting he is willing to travel internationally for chess events. However, no information was found about previous play in the Americas or Central America specifically, making it uncertain whether he would attend a tournament in Honduras, though his active status and open tournament participation suggest it's not impossible.",,
"Esipenko, Andrey",24175439,GM,2698,,,RUS,2002,24,,,,,active,regularly,unknown,unknown,yes,World Fischer Random Chess Championship qualification; Fischer Random Chess matches including defeat of Anatoly Bykhovsky; Semifinals against Svidler,no,No known connection to Bitcoin or cryptocurrency,yes,Twitch: unknown; YouTube: unknown; Twitter: unknown,,"Based on the search results, Andrey Esipenko is currently active and regularly participates in open tournaments, having competed in the 2025 Aeroflot Open (placing third) and 2025 FIDE Grand Swiss, indicating he does play in open format events. However, the search results provide no information about his travel patterns to the Americas or smaller international tournaments, and there are no known commitments for 2026. While his participation in open tournaments suggests it's theoretically possible, there is insufficient data to assess the likelihood of him traveling to Honduras specifically for a tournament.",,
"Radjabov, Teimour",13400924,GM,2692,,,AZE,1987,39,,,,,retired,unknown,unknown,unknown,yes,Chess960 (Fischer Random) tournaments against top players like Anand,yes,"played in FTX Crypto Cup against Magnus Carlsen, considered a career in cryptocurrency, Bitcoin bonus was adjusted to 2.1825 BTC",yes,Twitch: unknown; YouTube: unknown; Twitter: unknown,,"Based on the search results, Teimour Radjabov's attendance at an open tournament in Honduras in Feb/March 2026 appears highly unlikely. The information indicates he retired from chess in 2005 due to health issues, despite some conflicting data showing recent tournament participation through 2024-2025. Even if he were active, the search results provide no evidence of him playing in open tournaments or traveling to Central America, as his documented participation appears limited to top-tier invitational events like the Candidates Tournament.",,
"Yakubboev, Nodirbek",14203987,GM,2691,,,UZB,2002,24,,,,,active,regularly,global,unknown,yes,Chess 960 (Fischer Random) tournaments; rapid event at World Championships,no,No crypto/bitcoin connection found in search results,yes,Twitch: unknown handle; YouTube: unknown handle,,"Based on the research, Nodirbek Yakubboev is an active international chess grandmaster (rated 2691, ranked #36 globally) who regularly participates in open tournaments worldwide, including recent events like the Prague Chess Festival Challengers 2025, Tata Steel Chess Tournament, and FIDE World Championships. Given his global tournament activity and willingness to travel internationally for chess events, he would be a realistic candidate to attend an open tournament in Honduras in Feb/March 2026, though no specific 2026 commitments were found in the search results. His active status and pattern of participating in various international opens suggests he would likely consider such an invitation if the tournament offers appropriate conditions and prize fund.",,
"Sevian, Samuel",2040506,GM,2688,,,USA,2000,26,,,,,active,regularly,global,yes,yes,2023 Champions Showdown Chess 960; first-ever FIDE-sanctioned Fischer Random World Chess Championship,yes,"Participated in FTX-sponsored tournaments including Miami qualifiers and Road to Miami event, with Bitcoin prizes offered",yes,Twitch: unknown; YouTube: unknown; Twitter: unknown,,"Based on the research, Samuel Sevian is an active grandmaster who regularly participates in open tournaments including Masters events, US Championships, and international competitions like the 2025 Sharjah Masters, demonstrating a willingness to travel globally for chess events. His consistent tournament activity through 2024-2025 and history of competing in diverse locations suggests he maintains an active playing schedule. However, no specific information was found about his 2026 commitments or previous participation in Central American tournaments, making it difficult to assess the likelihood of attendance at a Honduras open tournament in February/March 2026.",,
"Wang, Hao",8602883,GM,2687,,,CHN,1989,37,,,,,retired,regularly,global,yes,yes,Fischer Random Chess 960,yes,Has participated in cryptocurrency-related chess events,yes,Twitch: unknown; YouTube: unknown; Twitter: unknown,,"Based on the research, Wang Hao has resumed active competitive play after returning from retirement in 2022, regularly participating in major international tournaments across multiple continents including the Americas (U.S. National Championships) and Middle East (Abu Dhabi Chess Festival). While he typically competes in elite invitational events rather than open tournaments, his global travel pattern and recent activity level suggest attendance at an open tournament in Honduras would be possible but less likely given his preference for higher-profile competitions. His participation would likely depend on the tournament's prestige level and prize fund rather than any scheduling or travel constraints.",,
"Sarana, Alexey",24133795,GM,2686,,,SRB,2000,26,,,,,active,regularly,unknown,unknown,yes,World Fischer Random Chess Championship 2022; King Salman World Rapid & Blitz Championship; grenke Freestyle Chess Open,no,No known connection to Bitcoin or cryptocurrency,yes,Twitch: unknown; YouTube: unknown; Twitter: unknown,,"Based on the search results, Alexey Sarana is an active grandmaster who regularly participates in open tournaments, having won the Aktobe Open Masters in 2025 and placed 5th in the grenke Freestyle Chess Open in April 2025. However, the search results provide no information about his historical travel patterns to the Americas or Central America specifically, making it difficult to assess his likelihood of traveling to Honduras. While his active tournament schedule suggests he seeks competitive opportunities, the lack of data on his geographic travel range and any previous participation in Latin American events makes predicting his attendance at a Honduran tournament speculative.",,
"Kovalenko, Igor",14117908,GM,2682,,,UKR,1988,38,,,,,active,regularly,continental,unknown,yes,Biel International Chess Festival,yes,"Participated in chess tournaments offering Bitcoin as prizes, including the FTX Crypto Cup competing for $100,000 in Bitcoin",yes,Twitch: unknown; YouTube: unknown; Twitter: unknown,,"Based on the search results, Igor Kovalenko appears to be an active tournament player who regularly participates in international open and classical tournaments, including recent 2025 events in Ukraine, Poland, and other European locations. However, his documented travel pattern shows primarily European tournament participation, with no evidence of playing in the Americas or Central America specifically. While he has the activity level and tournament participation history that could suggest openness to international events, there is no specific information about his 2026 schedule or previous travel to regions like Honduras to assess likelihood of attendance.",,
"Svidler, Peter",4102142,GM,2682,,,FID,1976,50,,,,,retired,unknown,unknown,unknown,yes,Fischer Random Chess match against The Baron chess program 2005; Fischer Random Chess tournament in Mainz 2002; FIDE World Fischer Random Chess Championship,yes,"Participated in 2021 FTX Crypto Chess Cup, a bitcoin-prized chess tournament, competing against Alexander Grischuk",yes,Twitch: unknown handle but confirmed he streams on Twitch; YouTube: Kasparovchess channel,,"Based on the search results, Peter Svidler retired from competitive play in 2020 and now focuses on streaming chess on platforms like Twitch and YouTube rather than tournament competition. While he has shown recent activity in specific events like the Jerusalem Masters series and other named tournaments, there is no evidence he participates in open tournaments, and his current engagement appears limited to select invitational events rather than general open competition. Given his retired status from competitive play and apparent focus on streaming/commentary work, attendance at an open tournament in Honduras would be highly unlikely.",,
"Harikrishna, Pentala",5007003,GM,2679,,,IND,1986,40,,,,,active,regularly,global,yes,yes,Chess960 (Fischer Random) Junior Chess Championship 2006,no,No connection mentioned despite having a crypto/bitcoin info section,yes,Twitch: unknown; YouTube: unknown; Twitter: unknown,2025/26 German Bundesliga,"Based on the search results, Pentala Harikrishna is an active grandmaster (rated 2679) who regularly participates in international open tournaments including the Tata Steel Masters, U.S. National Championships, and has global travel patterns spanning from Europe to the Americas. However, he appears to focus on high-profile tournaments and has committed to the 2025/26 German Bundesliga, which could create scheduling conflicts with a February/March 2026 timeframe. While he has demonstrated willingness to travel internationally for tournaments, an open tournament in Honduras would be unusual given his typical participation in major championship-level events.",,
"Bluebaum, Matthias",24651516,GM,2679,,,GER,1997,29,,,,,active,regularly,unknown,unknown,yes,2022 FIDE World Fischer Random Chess Championship; European Chess Championship,yes,Known for his involvement in cryptocurrency discussions,yes,Twitch: unknown; YouTube: unknown; Twitter: unknown,Tata Steel Chess Masters 2026,"Based on the research, Matthias Bluebaum is an active grandmaster (rated 2679) who regularly plays in major tournaments and has shown strong recent activity, including qualifying for the Candidates Tournament in 2025. However, he is scheduled to debut in the prestigious Tata Steel Chess Masters 2026, which typically occurs in January-February and would likely conflict with a February/March tournament in Honduras. Given his high level and focus on elite events like the Grand Swiss and Candidates qualification, he would be unlikely to attend a smaller open tournament in Honduras during this period.",,
"Leko, Peter",703303,GM,2676,,,HUN,1979,47,,,,,unknown,regularly,global,unknown,yes,First Fischer Random Chess tournament winner (1996); Fischer Random Chess match vs Michael Adams (2001); Chess960 World Championship vs Peter Svidler (2003),yes,Participated in the Champions Chess Tour's FTX Crypto Cup,yes,Twitch: unknown handle; YouTube: unknown handle,,"Based on the search results, Peter Leko is an active grandmaster who regularly participates in FIDE events and international tournaments, as evidenced by his 2025 World Cup participation and upcoming events in Oslo and London. However, the search results show he typically plays in major organized events like Grand Chess Tour tournaments rather than general open tournaments, and there is no indication of previous activity in Central America or smaller regional opens. Given his apparent focus on high-level international circuit events and lack of known commitments or travel patterns to that region, his attendance at an open tournament in Honduras would be unlikely without specific invitation or compelling circumstances.",,
"Dubov, Daniil",24126055,GM,2672,,,RUS,1996,30,,,,,active,regularly,global,unknown,yes,Freestyle Chess Grand Slam Tour,yes,Participated in the Meltwater Champions Chess Tour which included a Bitcoin chess event,yes,Twitch: unknown; YouTube: unknown; Twitter: unknown,unknown,"Based on the research, Daniil Dubov is an active grandmaster who regularly participates in international tournaments, including recent events in Asia (2024 Shenzhen Longgang) and is scheduled for the 2025 FIDE World Rapid & Blitz Championships and Freestyle Chess Grand Slam Tour, demonstrating a willingness to travel globally for chess events. However, his tournament pattern appears focused on elite-level competitions like FIDE World Championships and major tours rather than typical open tournaments. While there are no known scheduling conflicts for Feb/March 2026, his participation in a Honduran open tournament would be unusual given his current focus on high-level international events.",,
"Howell, David W L",410608,GM,2668,,,ENG,1990,36,,,,,active,regularly,continental,unknown,yes,Fischer Random Chess competitions,yes,"Participated in the 2022 Champions Chess Tour FTX Crypto Cup, a chess tournament with cryptocurrency sponsorship. Known for chess achievements, not cryptocurrency.",yes,Twitch: HowellHub; YouTube: David Howell Chess,,"Based on the research, David W L Howell is an active grandmaster who regularly participates in open tournaments including the Bundesliga and British Championship, indicating he does play competitive events beyond elite invitationals. However, his documented travel appears primarily continental (Germany, UK) with no evidence of participation in Central American tournaments or similar remote locations. Given his active status and willingness to travel for tournaments, attendance at a Honduras open would be possible but relatively unlikely without additional incentives, as it would represent a significant departure from his typical European tournament circuit.",,
"Wojtaszek, Radoslaw",1118358,GM,2667,,,POL,1987,39,,,,,active,regularly,global,unknown,yes,Accentus Chess960 Masters in Biel; Grandmaster Triathlon,no,unknown,yes,Twitch: unknown; YouTube: unknown; Twitter: unknown,unknown,"Based on the research, Radoslaw Wojtaszek is an active grandmaster who regularly competes in international open tournaments and festivals, having recently participated in events like World Rapid 2025, Bundesliga 2025-26, and won major tournaments in Germany and Switzerland. His global tournament participation pattern and current activity level suggest he could potentially attend an open tournament in Honduras, though no specific 2026 commitments or previous Central American tournament history were found in the search results. As a strong player rated 2667 with a history of international travel for chess events, his attendance would depend on scheduling and tournament conditions rather than any apparent restrictions on his tournament participation.",,
"Martinez Alcantara, Jose Eduardo",3805662,GM,2667,,,MEX,1999,27,,,,,unknown,regularly,global,yes,yes,2022 Fischer Random World Championship Qualifier,no,No connection found despite CRYPTO/BITCOIN INFO section existing,yes,Twitch: unknown; YouTube: unknown; Twitter: unknown,,"Based on the search results, José Eduardo Martínez Alcántara appears to be an active chess professional who regularly participates in international open tournaments, including events like the Alcantara Chess Challenge and Grand Chess Tour, with recent activity in 2025 tournaments. His travel patterns show he competes globally, including in Europe (Oslo, London), suggesting he is willing to travel internationally for tournaments. However, no specific information was found about his 2026 schedule or previous participation in Central American tournaments, making it difficult to assess the likelihood of attendance at a Honduras event without additional factors like invitation, prize fund, or rating requirements.",,
"Donchenko, Alexander",24603295,GM,2665,,,GER,1998,28,,,,,active,regularly,continental,unknown,yes,2022 Fischer Random World Championship Qualifier,no,Known for involvement in blockchain-verified chess ratings but no known connection to Bitcoin or cryptocurrency,yes,Twitch: unknown; YouTube: unknown; Twitter: unknown,European Individual Chess Championship in Romania,"Based on the search results, Alexander Donchenko is highly active in 2025, regularly participates in open tournaments (recently winning the 2025 Czech Open), and travels internationally for chess events across Europe. However, there is no evidence from the search results that he has played in the Americas, and his documented tournament pattern shows primarily European events. While he appears to be an active player who competes in open tournaments, his travel history suggests he focuses on European competitions, making attendance at a Honduras tournament less likely but not impossible given his active tournament schedule.",,
"Bu, Xiangzhi",8601445,GM,2665,,,CHN,1985,41,,,,,retired,unknown,unknown,unknown,yes,Fischer Random Chess,no,There is no direct connection between Bu Xiangzhi and Bitcoin or cryptocurrency,yes,Twitch: unknown; YouTube: unknown; Twitter: unknown,,"Based on the search results, Bu Xiangzhi's attendance at an open tournament in Honduras in Feb/March 2026 appears highly unlikely. The information indicates he retired from competitive chess in 2021, though there's some conflicting data showing recent activity including winning the 2024 Shenzhen Masters and being scheduled for the 2025 China Chess King tournament. No information was found about his history of playing open tournaments or traveling internationally to smaller events, and there are no known commitments or travel patterns that would suggest participation in a tournament in Honduras.",,
"Kasimdzhanov, Rustam",14200244,GM,2664,,,UZB,1979,47,,,,,active,regularly,global,yes,yes,unknown,yes,"Has participated in cryptocurrency-related chess events, including the FTX Crypto Cup",yes,Twitch: unknown; YouTube: unknown; Twitter: unknown,,"Based on the search results, Rustam Kasimdzhanov is an active elite grandmaster who regularly participates in high-level tournaments including the U.S. National Championships, American Cup, and Champions Showdown events, demonstrating both an active tournament schedule and willingness to travel internationally including to the Americas. However, his tournament pattern appears focused on prestigious invitational events rather than open tournaments, and as a former World Champion rated 2664, he would likely prioritize elite competitions over open events. While theoretically possible given his active status and global travel history, his participation in an open tournament in Honduras would be unlikely unless it offered significant appearance fees or had special significance.",,
"Vitiugov, Nikita",4152956,GM,2663,,,ENG,1987,39,,,,,active,regularly,global,unknown,yes,2022 FIDE World Fischer Random Chess Championship,no,No known connection to Bitcoin or cryptocurrency,yes,Twitch: unknown; YouTube: unknown; Twitter: unknown,Bundesliga 2025-26,"Based on the research, Nikita Vitiugov is an active grandmaster (rated 2663) who regularly participates in major international tournaments including the FIDE World Cup, London Classic Elite, and Bundesliga events, indicating he maintains a high level of competitive activity and travels globally for chess. However, the search results show he typically plays in prestigious elite tournaments rather than open events, and there are no indications he has previously competed in Central or South American tournaments. Given his apparent focus on high-level elite competitions and existing commitment to Bundesliga 2025-26, his attendance at an open tournament in Honduras would be unlikely unless there were exceptional circumstances or significant appearance fees.",,
"Anton Guijarro, David",2285525,GM,2662,,,ESP,1995,31,,,,,unknown,regularly,global,unknown,yes,Chess960; Fischer Random chess,no,No direct connection to Bitcoin or cryptocurrency found,yes,Twitch: unknown; YouTube: unknown,,"Based on the research, David Antón Guijarro appears to be an active grandmaster who regularly participates in high-profile open tournaments, including international events like the Tata Steel Masters and tournaments in diverse locations such as Abu Dhabi, indicating a willingness to travel globally for chess competitions. However, as a 2662-rated Spanish champion who typically plays in prestigious tournaments, his participation in a Honduran open tournament would likely depend on factors such as prize fund, tournament strength, and scheduling conflicts, which cannot be determined from the available information. There are no known commitments or conflicts identified for February/March 2026 that would prevent his participation.",,
"Grandelius, Nils",1710400,GM,2660,,,SWE,1993,33,,,,,unknown,regularly,global,unknown,yes,2022 FIDE World Fischer Random Chess Championship; grenke Freestyle Chess Open 2025,yes,"Has been involved in cryptocurrency, including a notable experience with a Bitcoin scam",yes,Twitch: nilsgrandelius; YouTube: unknown; Twitter: unknown,,"Based on the search results, Nils Grandelius appears to be an active tournament player who regularly participates in major open events like the FIDE World Cup, FIDE Grand Swiss, and other international tournaments, indicating he travels globally for chess competitions. However, the search results show no scheduled tournaments for 2026 and provide no evidence of him previously playing in Central America or smaller regional opens outside of major FIDE events. While theoretically possible given his active status, there's insufficient information to assess the likelihood of him attending a specific open tournament in Honduras in February/March 2026.",,
"Sargsyan, Shant",13306766,GM,2659,,,ARM,2002,24,,,,,active,regularly,global,unknown,unknown,,no,No crypto or bitcoin connection mentioned in the information provided,unknown,,,"Based on the research, Shant Sargsyan is an active grandmaster who regularly participates in international tournaments, including open events like the Al-Beruniy Masters and major FIDE competitions in 2025. As a young, globally active player (born 2002, GM since 2019, currently ranked #55 worldwide), he appears to travel internationally for chess tournaments. However, there is no specific information about his 2026 schedule or previous tournament activity in Central America, making it difficult to assess the likelihood of attendance at a Honduras open tournament without knowing the event's prize fund, field strength, or conflicting commitments.",,
"Erdogmus, Yagiz Kaan",44599790,GM,2658,,,TUR,2011,15,,,,,active,regularly,global,unknown,yes,Chess960 (Fischer Random) games mentioned,yes,Supports himself through cryptocurrency donations,yes,Twitch: unknown handle but has appeared on chess streams; YouTube: Yagiz Kaan Erdogmus,Tata Steel Chess Tournament 2026,"Based on the research, Yagiz Kaan Erdogmus is highly active in competitive chess and regularly participates in major international tournaments across diverse global locations including Jeddah, Marseille, Goa, and the Netherlands. However, he appears to focus primarily on elite invitational events like the FIDE Grand Swiss, Tata Steel Chess, and European Championships rather than open tournaments, and he has a confirmed commitment to Tata Steel Masters 2026 which could create scheduling conflicts with February/March events. While his global travel pattern suggests geographical accessibility wouldn't be a barrier, the combination of his preference for high-level invitational tournaments and existing 2026 commitments makes attendance at an open tournament in Honduras relatively unlikely.",,
"Oparin, Grigoriy",24125890,GM,2658,,,USA,1997,29,,,,,retired,regularly,global,yes,yes,knockout qualifier in 2019 against Vladimir Fedoseev; 2026 FIDE Freestyle Chess World Championship Play-In,no,No known involvement with Bitcoin or cryptocurrency,yes,Twitch: unknown; YouTube: unknown; Twitter: unknown,2026 FIDE Freestyle Chess World Championship Play-In,"Based on the search results, Grigoriy Oparin appears to be retired from competitive chess as of 2025, which significantly reduces the likelihood of him attending any tournaments in 2026. While he has previously participated in major international events like the FIDE World Cup and US Championship, and has traveled globally including a move to the United States in 2022, his retired status and commitment to the 2026 FIDE Freestyle Chess World Championship Play-In suggest he would be unlikely to participate in an open tournament in Honduras during Feb/March 2026.",,
"Xiong, Jeffery",2047640,GM,2656,,,USA,2000,26,,,,,active,regularly,global,yes,yes,2022 Fischer Random World Championship Finals; Fischer Random Chess tournaments; St. Louis Chess Club online tournaments,yes,Known for his participation in cryptocurrency-sponsored chess events and has earned significant prize money,yes,Twitch: unknown; YouTube: unknown; Twitter: unknown,,"Based on the research, Jeffery Xiong is an active grandmaster who regularly competes in open tournaments including the 2025 U.S. Masters Championship and FIDE Grand Swiss, with his latest tournament just one month ago. He has a global travel pattern for international events and participates in both traditional and online tournaments hosted by various organizations. However, there is no specific information about his 2026 tournament schedule or any previous activity in Central America, making it uncertain whether he would specifically attend an open tournament in Honduras during Feb/March 2026.",,
"Nguyen, Thai Dai Van",358878,GM,2656,,,CZE,2001,25,,,,,active,regularly,unknown,unknown,unknown,,yes,Known for his involvement with cryptocurrency,yes,Twitch: unknown; YouTube: unknown; Twitter: unknown,,"Based on the search results, Thai Dai Van Nguyen appears to be an active competitive player who participates in high-level tournaments like Tata Steel Masters and Prague Masters, suggesting he primarily plays elite invitational events rather than open tournaments. While he has demonstrated international travel for competitions and remains active as of 2026, there is no evidence of him participating in open tournaments or traveling to Central America, making attendance at an open tournament in Honduras unlikely unless there were specific compelling factors not evident in his typical tournament pattern.",,
"Christiansen, Johan-Sebastian",1512668,GM,2656,,,NOR,1998,28,,,,,active,regularly,global,yes,yes,unknown,no,No crypto or bitcoin connections mentioned in search results,yes,Twitch: gmjsc; YouTube: unknown; Twitter: unknown,,"Based on the search results, Johan-Sebastian Christiansen appears to be a good candidate for an open tournament in Honduras in Feb/March 2026. He regularly plays open tournaments (winning Mar del Plata Open in 2024), travels internationally for chess events, and remains active as of 2026 with no conflicting tournament commitments listed. As an active grandmaster who competes globally and has demonstrated willingness to travel to South America for open events, he would likely consider participating if invited.",,
"Saric, Ivan",14508150,GM,2655,,,CRO,1990,36,,,,,retired,unknown,continental,yes,unknown,,no,"Has no known association with Bitcoin or cryptocurrency, main focus remains on chess",yes,Twitch: unknown handle; YouTube: unknown handle,Bundesliga 2025/26,"Based on the search results, Ivan Šarić's attendance at an open tournament in Honduras in Feb/March 2026 appears unlikely. The research indicates he is retired from competitive chess, though there's conflicting information showing recent 2024 tournament participation and a scheduled commitment to Bundesliga 2025/26. Given that his documented tournament history shows participation in high-level European events and major tournaments like the Saint Louis Masters rather than open tournaments, and with no evidence of travel to Central America, a trip to Honduras would represent an unusual departure from his established patterns.",,
"Gledura, Benjamin",712779,GM,2654,,,HUN,1999,27,,,,,retired,regularly,continental,unknown,yes,Fischer Random Chess tournaments,yes,His profile is verified on Algorand blockchain,yes,Twitch: unknown; YouTube: unknown; Twitter: unknown,Bundesliga 2025-26,"Based on the search results, Benjamin Gledura is described as a retired Hungarian chess grandmaster, which would significantly reduce the likelihood of him traveling to compete in tournaments. However, there appears to be conflicting information as he reportedly participated in multiple tournaments in 2024-2025 including the Hungarian Super League and German Bundesliga, suggesting he may still be active despite the retirement claim. Given that no travel to the Americas was documented in his tournament history and Honduras would represent an unusual destination for a European-based player, attendance at such an event would be unlikely unless there were specific compelling circumstances.",,
"Morozevich, Alexander",4116992,GM,2653,,,RUS,1977,49,,,,,retired,unknown,unknown,unknown,yes,Fischer Random formats; Chess960,no,There is no known connection to Bitcoin or cryptocurrency,yes,Twitch: unknown; YouTube: unknown; Twitter: unknown,,"Based on the search results, Alexander Morozevich's attendance at an open tournament in Honduras in Feb/March 2026 appears highly unlikely. Although he officially retired from competitive chess in 2015, he has shown some recent activity by participating in the Aeroflot Open 2025 and Russia Team Blitz Chess 2025 in Sochi, suggesting he may selectively participate in events close to home or of particular significance. However, there is no evidence of him traveling to remote locations like Honduras for tournaments, and his limited recent activity appears focused on Russian events.",,
"Inarkiev, Ernesto",4162722,GM,2653,,,RUS,1985,41,,,,,active,regularly,global,unknown,unknown,,no,No connection found despite crypto/bitcoin section being present,yes,Twitch: unknown handle; YouTube: unknown handle,,"Based on the research, Ernesto Inarkiev is an active Russian grandmaster who regularly competes in international tournaments, including recent wins at the 2024 Region Group Cup and 2025 Russia Team Blitz, indicating a high activity level in open events. His travel history shows participation in geographically diverse locations like Sharjah and various European venues, demonstrating willingness to travel internationally for tournaments. However, there is no specific information about his 2026 schedule or previous participation in Central American tournaments, making his likelihood of attending a Honduras open tournament uncertain but not impossible given his active international competition pattern.",,
"Murzin, Volodar",44155573,GM,2652,,,FID,2006,20,,,,,retired,regularly,global,unknown,yes,Fischer Random (Chess960) tournaments,no,explicitly stated as not associated with Bitcoin or cryptocurrency,yes,Twitch: unknown; YouTube: unknown; Twitter: unknown,,"Based on the search results, Volodar Murzin is described as retired and ""no longer competing"" as of 2025, which would make his attendance at any tournament in 2026 unlikely. However, there appears to be conflicting information since he was reportedly scheduled for championships in December 2025 and had recent activity in open tournaments like the IV Menorca Open and Djerba Masters. If he were still active, his pattern of participating in international open tournaments and willingness to travel to diverse locations would suggest he could potentially attend such an event, though no specific 2026 commitments were found in the research.",,
"Deac, Bogdan-Daniel",1226380,GM,2652,,,ROU,2001,25,,,,,active,regularly,continental,unknown,yes,2023 Biel Chess Festival; Chess.com Freestyle Friday,no,"No crypto/bitcoin connection mentioned, only general chess tournament achievements and earnings",yes,Twitch: unknown; YouTube: unknown,,"Based on the research, Bogdan-Daniel Deac is an active Romanian grandmaster who regularly participates in open tournaments including the European Chess Club Cup, FIDE World Cup, and Romania Chess Classic, indicating he does play in open events. However, his documented tournament activity appears focused on European events and major international competitions, with no evidence of participation in Central American tournaments. While he remains active as of 2026, there is no information suggesting he has previously traveled to unusual or remote chess locations like Honduras, making attendance at a Honduran open tournament unlikely without additional incentives or circumstances.",,
"Shankland, Sam",2004887,GM,2651,,,USA,1991,35,,,,,unknown,regularly,global,yes,yes,2018 Champions Showdown,yes,"Participated in FTX Crypto Cup 2022 in Miami, competed when world's top 16 chess players competed in FTX Crypto Cup with $100000 in Bitcoin prizes",yes,Twitch: unknown handle but confirmed presence; YouTube: unknown handle but confirmed presence; Twitter: unknown,Tata Steel Chess Tournament 2026,"Based on the research, Sam Shankland appears to be an active chess professional who regularly participates in international tournaments, including open events like the Batumi Chess Open, and has a history of global travel to locations like Tromsø and Miami for competitions. However, he is already committed to the prestigious Tata Steel Chess Tournament in 2026, which typically occurs in January-February and would likely conflict with a February/March tournament in Honduras. Given his status as a top-level grandmaster (rated 2651) and 2018 US Champion, he would more likely prioritize elite invitational events over open tournaments during this period.",,
"Robson, Ray",2023970,GM,2650,,,USA,1994,32,,,,,retired,unknown,global,yes,yes,World Fischer Random Chess Championship 2019; competitions against Garry Kasparov in Chess 960,yes,Bitcoin has been used as a prize in some of his competitions,yes,Twitch: unknown; YouTube: unknown; Twitter: unknown,,"Based on the search results, Ray Robson's attendance at an open tournament in Honduras in Feb/March 2026 appears unlikely. The research indicates he retired in 2020, and while there is mention of 2025 tournament activity, his recent participation appears limited to high-profile invitational events like the US Chess Championship and Freestyle Chess Grand Slam Tour rather than open tournaments. Additionally, no information was found suggesting he typically plays in open tournaments or has traveled to Central America, making Honduras an unusual destination for his established tournament pattern.",,
"Eljanov, Pavel",14102951,GM,2649,,,UKR,1983,43,,,,,active,regularly,global,unknown,yes,Reykjavik Open,no,Has no known involvement with Bitcoin or cryptocurrency. His main focus remains on chess,yes,Twitch: eljanovlive; YouTube: has YouTube videos including playlist of his games,,"Based on the research, Pavel Eljanov is an active Ukrainian grandmaster (rated 2656) who regularly participates in open tournaments including the Reykjavik Open and has competed globally in events like the Jerusalem Masters and London Chess Classic. Given his consistent tournament activity through 2024-2025 and history of traveling internationally for open events, he would be a plausible candidate to attend an open tournament in Honduras in Feb/March 2026, though no specific commitments for that period were found in the search results.",,
"Svane, Frederik",12923044,GM,2649,,,GER,2004,22,,,,,active,regularly,global,unknown,yes,FIDE World Fischer Random Chess Championship 2022,no,His rating is verified on the Algorand blockchain but there is no known connection to Bitcoin or cryptocurrency,yes,Twitch: unknown; YouTube: unknown; Twitter: unknown,,"Based on the search results, Frederik Svane appears to be an active competitive player who participates in international tournaments including the FIDE World Cup, Chess Olympiad, and events in Uzbekistan, suggesting he travels globally for chess. However, the research shows he typically plays in high-level invited tournaments and leagues like the German Bundesliga rather than open tournaments, and there's no evidence of him playing in Central American events. While his international activity level suggests travel willingness, an open tournament in Honduras would be atypical for his usual tournament pattern of major FIDE events and team competitions.",,
"Karthikeyan, Murali",5074452,GM,2648,,,IND,1999,27,,,,,unknown,regularly,global,unknown,yes,Fischer Random tournament where he placed third behind Banh Gia Huy,no,No known connection to Bitcoin or cryptocurrency,yes,Twitch: unknown; YouTube: unknown; Twitter: unknown,,"Based on the search results, Karthikeyan Murali appears to have a moderate to high likelihood of attending an open tournament in Honduras. He is an active grandmaster who regularly participates in international open tournaments including events in Spain (Menorca Open) and has recent activity in 2024-2025 with scheduled tournaments, indicating he travels globally for chess competitions. However, no information was found about his 2026 schedule or any previous tournament activity in the Americas, making it difficult to assess potential scheduling conflicts or his specific interest in Central American events.",,
"Theodorou, Nikolas",4262875,GM,2648,,,GRE,2000,26,,,,,active,regularly,global,unknown,yes,Chess960 and Fischer Random formats,no,No known connection to Bitcoin or cryptocurrency,yes,Twitch: unknown; YouTube: unknown; Twitter: unknown,2025/26 German Bundesliga,"Based on the research, Nikolas Theodorou is an active grandmaster who regularly participates in international tournaments including opens, team events, and prestigious tours across Europe, with confirmed activity through 2026 including the German Bundesliga. However, there is no evidence of him having played in the Americas region, and his tournament pattern appears focused on European events and major international competitions. While theoretically possible given his active status and willingness to travel internationally, an open tournament in Honduras would represent a significant departure from his established geographical tournament patterns.",,
"Grischuk, Alexander",4126025,GM,2645,,,RUS,1983,43,,,,,active,regularly,global,yes,yes,World Fischer Random Championship qualifier; Fischer Random Chess tournaments against Magnus Carlsen and Hikaru Nakamura,yes,"Participated in the FTX Crypto Chess Cup where Bitcoin was used as prize money, competed against Magnus Carlsen in notable chess events",yes,Twitch: unknown; YouTube: unknown; Twitter: unknown,unknown,"Based on the research, Alexander Grischuk is an active grandmaster (rated 2645, ranked #73 globally) who regularly participates in open tournaments including the Aeroflot Open and has demonstrated global travel patterns, including recent participation in U.S. tournaments. However, there is no evidence in his tournament history of participating in Central American events, and top-rated players like Grischuk typically focus on prestigious international championships and major opens rather than smaller regional tournaments. While theoretically possible given his active status, attendance at an open tournament in Honduras would be unusual based on his established tournament patterns.",,
"Maroroa Jones, Gawain C B",409561,GM,2645,,,ENG,1987,39,,,,,active,regularly,global,unknown,unknown,,no,Explicitly stated he is not associated with Bitcoin or cryptocurrency,unknown,,,"Based on the search results, Gawain Maroroa Jones is an active grandmaster who regularly participates in open tournaments, including international events like the London Chess Classic and Dubai Open, suggesting he travels globally for chess competitions. However, with upcoming commitments in March 2025 (British Rapidplay Championships and FIDE World Rapid Teams Championships) and his high world ranking (#74), he would more likely prioritize major European tournaments or invitational events over smaller open tournaments. While possible, attendance at an open tournament in Honduras would be less probable given his typical tournament pattern favoring established, higher-profile events.",,
"Gurel, Ediz",44507356,GM,2645,,,TUR,2008,18,,,,,active,regularly,global,unknown,yes,Chess960 (Fischer Random) tournaments,no,No known connection to Bitcoin or cryptocurrency,yes,Twitch: unknown; YouTube: unknown,,"Based on the search results, Ediz Gurel is a highly active 17-year-old Turkish GM who regularly participates in major international tournaments including World Championships and FIDE events, indicating he travels globally for chess competitions. However, his tournament pattern appears focused on elite-level events rather than typical open tournaments, and there's no evidence of him playing in Central American events or smaller regional opens. While his high activity level suggests he could potentially attend, his focus on prestigious international competitions makes attendance at a Honduran open tournament unlikely unless it offers significant prize money or rating opportunities.",,
"Mamedov, Rauf",13401653,GM,2645,,,AZE,1988,38,,,,,unknown,regularly,global,unknown,yes,2025 Paris Freestyle Chess Grand Slam Play-In; online Fischer Random Chess tournaments,yes,"Participated in FTX Crypto Cup in 2023 which offered $100,000 in Bitcoin as part of its prize",yes,Twitch: unknown; YouTube: unknown; Twitter: unknown,,"Based on the research, Rauf Mamedov is an active grandmaster who regularly participates in open tournaments including the FIDE Grand Swiss and European Individual Championship, with recent activity through 2025 showing continued competitive play. While he has demonstrated global travel patterns (competing in events like the Saudi eLeague) and no conflicts are identified for Feb/March 2026, there is no specific evidence of previous participation in Central American tournaments or Honduras specifically. His active status and willingness to travel internationally suggest attendance would be possible, though the lack of clear precedent for competing in that region makes it uncertain.",,
"Vokhidov, Shamsiddin",14204223,GM,2644,,,UZB,2002,24,,,,,active,regularly,global,unknown,yes,Chess960 (Fischer Random Chess) tournaments,no,No known connection to Bitcoin or cryptocurrency,yes,Twitch: unknown; YouTube: unknown; Twitter: unknown,,"Based on the research, Shamsiddin Vokhidov is an active 24-year-old Uzbekistani grandmaster (rated 2644, world #77) who regularly participates in international open tournaments, including recent events like the 2025 UzChess Cup Masters and FIDE World Championships. Given his consistent activity in global tournaments and willingness to travel internationally for chess events, he would be a plausible candidate to attend an open tournament in Honduras in Feb/March 2026. However, no specific 2026 commitments were found in the search results that would indicate conflicts with those dates.",,
"Safarli, Eltaj",13402129,GM,2644,,,AZE,1992,34,,,,,unknown,regularly,global,unknown,yes,European Fischer Random Chess Championship,no,No known connection to Bitcoin or cryptocurrency exists,yes,Twitch: unknown handle; YouTube: unknown handle,,"Based on the research, Eltaj Safarli appears to be an active grandmaster who regularly participates in international open tournaments, having competed in events like the Reykjavik Open and various Masters tournaments across multiple countries including Indonesia, Iceland, and the UAE. His consistent travel to diverse global locations and participation in open-format events suggests he would be a reasonable candidate to attend an open tournament in Honduras. However, no specific information about his 2026 schedule or previous activity in Central America was found in the search results.",,
"Vallejo Pons, Francisco",2205530,GM,2644,,,ESP,1982,44,,,,,active,regularly,global,unknown,yes,Chess960 and Fischer Random formats,no,Has no known association with Bitcoin or cryptocurrency,yes,Twitch: unknown; YouTube: unknown; Twitter: unknown,,"Based on the research, Francisco Vallejo Pons is an active grandmaster (rated 2644, ranked #77 globally) who regularly competes in international tournaments including Chess Olympiads and other prestigious events, indicating he does travel globally for chess competitions. However, his typical tournament pattern appears to focus on higher-level events like the Karpov International and national team competitions rather than open tournaments, and there's no evidence of him previously competing in Central America or similar regional open events. While possible given his active status, it would be somewhat unusual based on his established tournament preferences and travel history.",,
"Lu, Shanglei",8603332,GM,2643,,,CHN,1995,31,,,,,active,regularly,global,unknown,yes,FIDE World Blitz Championships; games against Magnus Carlsen,no,No known connection to Bitcoin or cryptocurrency,yes,Twitch: unknown handle but confirmed to stream; YouTube: unknown handle but has appeared in videos; Twitter: unknown,,"Based on the search results, Lu Shanglei is an active Chinese GM who regularly participates in open tournaments like the Reykjavik Open and Isle of Man International, and has competed globally in FIDE championships and blitz events. Given his pattern of traveling internationally for tournaments and his consistent activity (including recent participation in 2024-2025 events), he could potentially attend an open tournament in Honduras, though no specific 2026 commitments or Central American tournament history were found in the research. His active status and willingness to compete in various international opens suggests moderate possibility, depending on tournament strength and scheduling.",,
"Artemiev, Vladislav",24101605,GM,2641,,,RUS,1998,28,,,,,active,regularly,global,unknown,yes,Fischer Random Chess events,no,no crypto/bitcoin connection found in search results,yes,Twitch: unknown handle; YouTube: unknown handle,,"Based on the research, Artemiev appears to be an active grandmaster who regularly participates in open tournaments internationally, including events like the Qatar Masters Open and various championships across different countries. Given his global travel pattern for tournaments and consistent activity in 2024-2025, he would likely be a viable candidate for an open tournament in Honduras, though no specific 2026 commitments or previous Central American tournament history were found in the search results. His participation would depend on factors like tournament strength, prize fund, and scheduling conflicts with other events.",,
"Pranav, V",25060783,GM,2641,,,IND,2006,20,,,,,active,regularly,global,unknown,yes,2022 Fischer Random World Championship qualifier; 2022 Fischer Random World Championship final; 2026 FIDE Freestyle Chess World Championship Play-In,yes,"Involved in cryptocurrency discussions, notably with VanEck's Pranav Kanade",unknown,,2026 FIDE Freestyle Chess World Championship Play-In,"Based on the research, Pranav V is a highly active player who regularly competes in international open tournaments and has demonstrated extensive global travel, including recent victories at the 2025 World Junior Championship in Montenegro and tournaments in Salamanca and Fujairah. However, he has a confirmed commitment to the 2026 FIDE Freestyle Chess World Championship Play-In, though the timing of this event relative to February/March 2026 is unclear. Given his pattern of participating in international opens and global tournament activity, attendance at a Honduras tournament would be consistent with his competitive profile, but the potential scheduling conflict with the Freestyle Chess commitment could be a limiting factor.",,
"Alekseenko, Kirill",4135539,GM,2639,,,AUT,1997,29,,,,,active,regularly,unknown,unknown,yes,Fischer Random Chess (Chess960),no,He has no known connection to Bitcoin or cryptocurrency. His primary focus is on competitive chess.,yes,Twitch: unknown; YouTube: unknown; Twitter: unknown,German Bundesliga 2025/26,"Based on the search results, Kirill Alekseenko is an active grandmaster (rated 2639, world #83) who regularly participates in major tournaments including FIDE World Championships and has commitments to the German Bundesliga 2025/26. However, the search results do not indicate whether he typically plays open tournaments, as his documented activity focuses on high-level elite events like World Cups and national team competitions. Without evidence of him participating in open tournaments or traveling to Central America, his attendance at an open tournament in Honduras would be unlikely given his apparent focus on elite-level competitive chess.",,
"Ivic, Velimir",950122,GM,2638,,,SRB,2002,24,,,,,active,regularly,global,unknown,yes,Fischer Random (Chess 960) games against notable players,no,No known connection to Bitcoin or cryptocurrency exists,yes,Twitch: unknown; YouTube: unknown; Twitter: unknown,Tata Steel Challengers in January 2026,"Based on the research, Velimir Ivic appears to be an active grandmaster who regularly participates in international tournaments, including open events like the Tata Steel Challengers (January 2026) and London Chess Classic, demonstrating a willingness to travel globally for competition. However, there is no evidence in his tournament history of playing in Central or South American events, and his schedule shows a commitment to the Tata Steel tournament in January 2026, which could potentially influence his availability for subsequent events. While his activity level suggests he could theoretically attend an open tournament in Honduras, the lack of any documented play in the Americas region and his existing European tournament commitments make his attendance uncertain without additional factors encouraging participation.",,
"Sadhwani, Raunak",35093487,GM,2638,,,IND,2005,21,,,,,active,regularly,global,unknown,yes,Fischer Random Chess tournaments; Fischer-Random-Buddhibal-Kreeda-Trust-2020,no,"No involvement with Bitcoin or cryptocurrency mentioned, known only for chess achievements",yes,Twitch: unknown; YouTube: unknown; Twitter: @sadhwani2005,unknown,"Based on the search results, Raunak Sadhwani is an active grandmaster (rated 2638) who regularly participates in international tournaments including opens like the London Chess Classic and Grand Chess Tour events, demonstrating a willingness to travel globally for chess competitions. However, there is no specific information about his 2026 schedule or previous tournament activity in Central America, making it impossible to determine his likelihood of attending a tournament in Honduras. His active status and participation in international opens suggests it would be within his typical tournament patterns, but without knowledge of scheduling conflicts or regional preferences, the probability remains uncertain.",,
"Tari, Aryan",1510045,GM,2637,,,NOR,1999,27,,,,,retired,unknown,global,yes,yes,,no,No connection found despite CRYPTO/BITCOIN INFO section containing only general biographical information,yes,Twitch: unknown; YouTube: unknown; Twitter: unknown,Pan-Am Intercollegiate in February 2026 [CONFLICT],"Based on the search results, Aryan Tari's attendance at an open tournament in Honduras in Feb/March 2026 appears unlikely due to several factors. The research indicates he retired from competitive chess in 2021, and he already has a commitment to the Pan-Am Intercollegiate tournament in February 2026, creating a scheduling conflict. While he has shown willingness to travel globally for tournaments and has played in the Americas, his apparent retirement status suggests reduced competitive activity despite some recent tournament appearances.",,
"Adams, Michael",400041,GM,2635,,,ENG,1971,55,,,,,retired,occasionally,continental,unknown,yes,Fischer Random Chess world championship 2001,yes,Former editor for Forbes Advisor with expertise in finance and cryptocurrency,yes,Twitch: unknown; YouTube: unknown; Twitter: unknown,,"Based on the research, Michael Adams is a retired English chess grandmaster who remains selectively active in senior championships and international open tournaments, having won the 2025 ECF English Championship and committed to events like the European Senior Team Championship in Poland. While he does participate in open tournaments such as the 3rd Cambridge International Open, his travel patterns appear focused on European events, and there is no indication in his known schedule or typical tournament selection that suggests he would travel to Central America for an open tournament. Given his selective post-retirement activity and apparent preference for regional events, attendance at a Honduras open tournament would be unlikely unless there were exceptional circumstances or incentives not evident in the available information.",,
"Navara, David",309095,GM,2635,,,CZE,1985,41,,,,,active,regularly,global,yes,yes,2022 Fischer Random World Championship qualifier; Chess960 game against Bassem Amin in 2023,yes,Participated in tournaments with Bitcoin prizes,yes,Twitch: unknown; YouTube: unknown; Twitter: unknown,unknown,"Based on the research, David Navara appears to be an active tournament player as of 2026 who regularly participates in open events including the FIDE World Cup, German Bundesliga, and the 2024 U.S. National Championships, demonstrating a global travel range. Given his active status, history of international tournament participation including in the Americas, and regular engagement in open tournaments, he would be a plausible candidate for an open chess tournament in Honduras in Feb/March 2026. However, no specific 2026 commitments were found that would indicate conflicts or confirm availability for those dates.",,
"Indjic, Aleksandar",911925,GM,2635,,,SRB,1995,31,,,,,unknown,regularly,global,yes,unknown,,yes,Known for his involvement with blockchain technology in chess,yes,Twitch: unknown; YouTube: unknown; Twitter: unknown,,"Based on the research, Aleksandar Indjic appears highly active in international tournaments, having won the 2024 European Championship, 2024 U.S. National Championship, and placed second in the 2025 Sharjah Masters, demonstrating he regularly travels globally for major events. However, his tournament pattern seems focused on high-profile championships and masters events rather than typical open tournaments. While he has no known scheduling conflicts for February/March 2026, an open tournament in Honduras would represent an unusual destination compared to his typical tournament circuit of major international venues.",,
"Salem, A.R. Saleh",9301348,GM,2635,,,UAE,1993,33,,,,,active,regularly,global,unknown,yes,,no,No connection found in search results,yes,Twitch: Salem_AR; YouTube: Salem Saleh; Twitter: SalemARSaleh,,"Based on the research, Salem A.R. Saleh appears to be an active international competitor who regularly participates in FIDE events and international tournaments, as evidenced by his recent participation in the 2025 World Championships and securing spots in prestigious events like the Biel International Chess Festival. However, the search results primarily show his involvement in high-level invitation-only tournaments and FIDE events rather than open tournaments, and there is no specific information about his travel to Central America or participation in open events in that region. Given his global tournament activity and current world ranking of #87, attendance would likely depend on factors not covered in the available research, such as appearance fees, tournament strength, and his 2026 schedule commitments.",,
"L'Ami, Erwin",1007998,GM,2634,,,NED,1985,41,,,,,active,regularly,continental,unknown,unknown,,no,No connection found in search results,yes,Twitch: unknown; YouTube: unknown; Twitter: unknown,Tata Steel Chess Challengers 2026,"Based on the research, Erwin L'Ami is highly active in 2025-2026, regularly participating in open tournaments including the Tata Steel Chess Challengers 2026 where he placed in the top 27 globally. However, his tournament activity appears focused on European events (German Bundesliga, Dutch tournaments), with no evidence of travel to the Americas or Central America in the search results. Given his commitment to the Tata Steel tournament in 2026 and apparent preference for European competitions, attendance at a Honduras open tournament would be unlikely unless there were compelling circumstances not evident in the available information.",,
"Ponomariov, Ruslan",14103320,GM,2633,,,UKR,1983,43,,,,,unknown,regularly,unknown,unknown,yes,Fischer Random Chess events; Freestyle Chess Grand Slam Tour 2025,no,There is no known connection between Ponomariov and Bitcoin or cryptocurrency,yes,Twitch: ruslanponomariov; YouTube: unknown,Tata Steel Masters 2026,"Based on the research, Ruslan Ponomariov remains an active professional player in 2026 who participates in high-level tournaments like the Tata Steel Masters 2026, indicating he is still competing regularly. However, as a former FIDE World Champion and established grandmaster, he appears to focus on prestigious invitational events and major tournaments rather than open tournaments. There is no information about his travel patterns to Central America or participation in smaller open events, making attendance at an open tournament in Honduras unlikely given his apparent preference for elite-level competitions.",,
"Bacrot, Etienne",605506,GM,2631,,,FRA,1983,43,,,,,active,regularly,unknown,unknown,yes,2006 FiNet Chess960 Open,no,Has no known association with Bitcoin or cryptocurrency,yes,Twitch: unknown; YouTube: unknown; Twitter: unknown,Djerba International Chess Festival in February 2026 [CONFLICT],"Based on the research, Etienne Bacrot is an active grandmaster who regularly participates in international tournaments, but he is already scheduled to compete in the Djerba International Chess Festival in February 2026, which would likely conflict with a Honduras tournament during the same timeframe. While he appears to maintain an active tournament schedule including major FIDE events, there is no information about his history of playing in Central American open tournaments or his typical travel patterns to assess his likelihood of attending such an event.",,
"Gelfand, Boris",2805677,GM,2630,,,ISR,1968,58,,,,,active,regularly,global,unknown,yes,,yes,"Competed in the FTX Crypto Cup, winning $220,000 plus $100,000 in Bitcoin",yes,Twitch: unknown handle; YouTube: unknown handle,,"Based on the search results, Boris Gelfand remains an active grandmaster (rated 2630) who regularly participates in open tournaments, including the 2025 FIDE Grand Swiss, KazChess Masters, and ECC Open, indicating he frequently travels internationally for chess events. However, the search results show no evidence of him previously playing in Central America or similar smaller chess markets, and no known commitments for 2026 were found. While his active tournament schedule suggests he could potentially attend an open tournament in Honduras, his typical participation appears focused on higher-profile international events.",,
"Kollars, Dmitrij",12909572,GM,2630,,,GER,1999,27,,,,,active,regularly,global,unknown,yes,2024 German Chess960 Championship,no,No crypto or bitcoin connections found in search results,yes,Twitch: dmitrijkollars; YouTube: true; Twitter: unknown,,"Based on the research, Dmitrij Kollars is an active German grandmaster who regularly participates in major international tournaments including FIDE Grand Swiss, European Championships, and World Chess Cup events, demonstrating a willingness to travel globally for competition. However, there is no evidence in the search results of him playing in open tournaments or traveling to Central America, as his documented activity focuses on high-level closed events and championships. Given his apparent preference for prestigious tournaments over open events and no indicated connection to Honduras or the region, his attendance at an open tournament in Honduras would be unlikely without specific appearance fees or special circumstances.",,
"Mishra, Abhimanyu",30920019,GM,2629,,,USA,2009,17,,,,,active,regularly,global,yes,yes,"World Fischer Random KO, Reykjavik ISL 2022; 57th Biel GM1-960 2024",no,No known connection to Bitcoin or cryptocurrency exists,yes,Twitch: unknown; YouTube: unknown; Twitter: unknown,,"Based on the research, Abhimanyu Mishra remains highly active in competitive chess as of 2026 and regularly participates in major tournaments including opens like the FIDE Grand Swiss and U.S. Championship. His travel patterns show global tournament participation, including events in Europe (Iceland, Switzerland) and the Americas, indicating willingness to travel internationally for chess competitions. However, no specific information was found about his 2026 schedule or any commitments that would conflict with a February/March tournament in Honduras.",,
"Chigaev, Maksim",4108116,GM,2628,,,ESP,1996,30,,,,,active,regularly,global,unknown,yes,various Chess960 tournaments,no,No known connection between Chigaev and Bitcoin or cryptocurrency,yes,Twitch: fandorine96; YouTube: @fandorine96,unknown,"Based on the search results, Maksim Chigaev is an active grandmaster who regularly participates in various tournaments including opens, World Championships, and Grand Chess Tour events, with a history of international travel to locations like Oslo and London. However, there is no evidence in the search results of him having played in the Americas previously, and Honduras would represent an unusual tournament location compared to his typical European circuit. While his active status and willingness to travel internationally suggest attendance is possible, the lack of any known commitments or travel patterns to Central America makes his participation in a Honduras open tournament uncertain.",,
Pranesh M,35028600,GM,2628,,,IND,2006,20,,,,,active,regularly,unknown,yes,yes,2023 Saint Louis Champions Showdown,no,No crypto/bitcoin connection found in search results,yes,Twitch: unknown; YouTube: unknown; Twitter: unknown,,"Based on the search results, Pranesh M is an active 20-year-old Indian grandmaster (rated 2628, ranked 98th globally) who regularly participates in open tournaments, having won multiple challengers sections and titled events in 2025. While he has traveled internationally for chess competitions (including to Saint Louis for the 2023 Champions Showdown), there is no specific information about his 2026 tournament schedule or previous participation in Central American events. Given his active tournament participation and willingness to travel internationally, attendance at a Honduras open tournament would be possible but cannot be determined from the available information.",,
"Bjerre, Jonas Buhl",1444948,GM,2628,,,DEN,2004,22,,,,,unknown,regularly,global,yes,yes,2020 Reykjavik Open; training game against Magnus Carlsen,no,No direct connection to Bitcoin or cryptocurrency,yes,Twitch: unknown; YouTube: unknown; Twitter: unknown,,"Based on the research, Jonas Buhl Bjerre appears to be an active tournament player who regularly participates in open events, including international tournaments like the Reykjavik Open and recent competitions such as the 2025 FIDE World Championships and U.S. National Championships, demonstrating a willingness to travel globally for chess events. As an active grandmaster rated 2628 with a pattern of competing in diverse tournaments across different continents, he could potentially attend an open tournament in Honduras. However, no specific 2026 schedule information was found to confirm or rule out availability for February/March 2026.",,
"Van Wely, Loek",1000268,GM,2628,,,NED,1972,54,,,,,unknown,regularly,continental,unknown,yes,NH Chess Tournament,yes,has been involved in discussions about cryptocurrency and Bitcoin,yes,Twitch: unknown; YouTube: unknown; Twitter: unknown,,"Based on the search results, Loek van Wely is currently an active grandmaster who regularly participates in tournaments including the German Bundesliga, European Team Championships, and various FIDE events through 2025. While he demonstrates consistent tournament activity and plays in both team and individual competitions, the search results show his recent participation primarily in European events with no clear evidence of travel to Central America or similar regions. Given his active status and tournament participation pattern, attendance would be possible but would likely depend on scheduling conflicts with his established European tournament commitments, for which no 2026 information was found.",,
"Suleymanli, Aydin",13413937,GM,2628,,,AZE,2005,21,,,,,active,regularly,global,unknown,yes,,no,No crypto or bitcoin connection mentioned in the search results,yes,YouTube: unknown,Tata Steel Chess Challengers,"Based on the research, Aydin Suleymanli regularly participates in major open tournaments like the Aeroflot Open and Sharjah Masters, and has demonstrated global travel patterns for international chess events. However, he is already committed to the Tata Steel Chess Challengers in 2026, which typically occurs in January-February and could create a scheduling conflict with a February/March tournament in Honduras. While he appears to be an active player who competes internationally, there is no evidence of previous participation in Central American tournaments, making attendance uncertain.",,
